{"cameraMode":{"drawMode":0,"name":"Shaded","section":"Shading Mode"},"sceneLighting":true,"audioPlay":false,"sceneViewState":{"showFog":true,"showMaterialUpdate":true,"showSkybox":true,"showFlares":true,"showImageEffects":true,"showParticleSystems":true},"in2DMode":false,"pivot":{"x":0.2677650451660156,"y":1.0153141021728516,"z":-9.807847023010254},"rotation":{"x":0.6963426470756531,"y":-0.010764096863567829,"z":0.010445921681821347,"w":0.7175527811050415},"size":21.92302703857422,"orthographic":false}